IdPE	Gem	Maf	Tul	Mas	Orc	Euj	Col	Dep	Meh	Saa	Lon	Cir	Myo	Cof	Euh	Elm
1	0	0	0	0	0	0	0	0	0	1	1	0	0	1	1	1
2	0	0	0	0	0	0	0	0	0	0	0	0	0	1	0	0
3	0	0	0	0	1	0	0	0	0	1	1	0	0	1	0	1
4	0	0	0	0	0	0	0	0	0	1	1	0	0	1	0	1
5	0	0	0	0	0	0	0	0	0	1	0	0	0	1	0	0
6	0	0	0	0	1	0	0	0	0	1	1	0	0	1	0	1
7	0	0	0	0	1	0	0	0	0	1	0	0	0	1	0	1
8	0	0	0	0	0	0	0	0	0	1	0	0	0	1	0	0
9	0	0	0	0	0	0	0	0	0	1	0	0	0	1	0	1
10	0	0	0	0	1	0	0	0	0	1	0	0	0	0	0	1
11	0	0	0	0	0	0	0	0	0	1	1	0	0	1	0	1
12	0	0	0	1	0	0	0	0	0	1	1	0	0	0	0	1
13	0	0	0	0	1	0	0	0	0	1	1	0	0	1	0	1
14	0	0	0	0	1	0	0	0	0	1	1	0	0	0	0	1
15	0	0	0	0	0	0	0	0	0	0	0	0	0	1	0	1
16	0	0	0	0	1	0	0	0	0	1	0	0	0	0	0	1
17	0	0	0	0	0	0	0	0	0	1	1	0	0	1	0	1
18	0	0	0	0	0	0	0	0	0	0	1	0	0	1	0	1
19	0	0	0	1	0	0	0	0	0	1	1	0	0	1	0	1
20	0	0	0	0	0	0	0	0	0	1	1	0	0	1	0	1
21	0	0	0	0	1	0	0	0	0	1	1	0	0	1	0	1
22	0	0	0	1	0	0	0	0	0	1	1	0	0	1	0	1
23	0	0	0	0	1	0	0	0	0	1	1	0	0	0	0	1
24	0	0	0	0	0	0	0	0	0	1	0	0	0	1	0	0
25	0	0	0	1	0	0	0	0	0	1	0	0	0	0	0	1
26	0	0	0	0	0	0	0	0	0	1	0	0	0	1	0	1
27	0	0	0	0	0	0	0	0	0	1	0	0	0	1	0	0
28	0	0	0	1	1	0	0	0	0	1	0	0	0	1	0	1
29	0	0	0	0	0	0	0	0	0	1	0	0	0	1	0	1
30	0	0	0	0	1	0	0	0	0	0	1	0	0	1	0	1
31	0	0	0	0	0	0	0	0	0	1	1	0	0	1	0	1
32	0	0	0	1	1	0	0	0	0	1	0	0	0	1	0	1
33	0	0	0	1	1	0	0	0	0	0	0	0	0	0	0	1
34	0	0	0	0	1	0	0	0	0	1	1	0	0	1	0	1
35	0	0	0	1	1	0	0	0	0	1	1	0	0	1	0	1
36	0	0	0	1	0	0	0	0	0	1	1	0	0	1	0	1
37	0	0	0	1	0	0	0	0	0	1	1	0	0	1	0	1
38	0	0	0	0	0	0	0	0	0	1	1	0	0	1	0	1
39	0	0	0	0	1	0	0	0	0	1	1	0	0	1	0	1
40	0	0	0	0	0	0	0	0	0	1	0	0	0	1	0	1
41	0	0	0	1	0	0	0	0	0	1	1	0	0	1	0	1
42	0	0	0	0	0	0	0	0	0	1	0	0	0	1	1	1
43	0	0	0	1	0	0	0	0	0	1	1	0	0	1	0	1
44	0	0	0	0	0	0	0	0	0	1	0	0	0	0	0	1
45	0	0	0	1	0	0	0	0	0	1	1	0	0	1	0	1
46	0	0	0	1	0	0	0	0	0	1	1	0	0	1	0	1
47	0	0	0	0	0	0	0	0	0	0	0	0	0	1	0	0
48	0	0	0	0	0	0	0	0	0	0	0	0	0	1	0	1
49	0	0	0	0	0	0	0	0	0	1	1	0	0	1	0	1
50	0	0	0	1	0	0	0	0	0	1	0	0	0	1	0	1
51	0	0	0	0	0	0	0	0	0	0	0	0	0	1	0	1
52	0	0	0	1	0	0	0	0	0	1	1	0	0	0	0	1
53	0	0	0	0	0	0	0	0	0	0	1	0	0	1	0	0
54	0	0	0	0	0	0	0	0	0	0	0	0	0	0	0	1
55	0	0	0	0	0	0	0	0	0	0	0	0	0	1	0	0
56	0	0	0	1	0	0	0	0	0	1	1	0	0	1	0	1
57	0	0	0	0	0	0	0	0	0	1	0	0	0	1	0	1
58	0	0	0	0	0	0	0	0	0	1	0	0	0	1	0	1
59	0	0	0	1	0	0	0	0	0	1	0	0	0	1	1	1
60	0	0	0	0	0	0	0	0	0	1	0	0	0	1	0	0
61	0	0	0	0	0	0	0	0	0	1	0	0	0	1	0	1
62	0	0	0	0	1	0	0	0	0	1	0	0	0	1	0	0
63	0	0	0	0	0	0	0	0	0	1	0	0	0	0	0	0
64	0	0	0	0	0	0	0	0	0	0	1	0	0	0	0	0
65	0	0	0	0	0	0	0	0	0	1	1	0	0	1	1	0
66	0	0	0	0	0	0	0	0	0	1	0	0	0	1	1	1
67	0	0	0	1	0	0	0	0	0	0	1	0	0	1	0	1
68	0	0	0	0	0	0	0	0	0	0	0	0	0	1	0	1
69	0	0	0	0	1	0	0	0	0	0	0	0	0	1	0	1
70	0	0	0	0	0	0	0	0	0	0	0	0	0	1	0	0
71	0	0	0	0	0	0	0	0	0	1	1	0	0	0	0	1
72	0	0	0	0	1	0	0	0	0	0	0	0	0	1	0	1
73	0	0	0	0	0	0	0	0	0	0	0	0	0	1	0	1
74	0	0	0	0	0	0	0	0	0	0	0	0	0	1	0	1
75	0	0	0	0	0	0	0	0	0	1	0	0	0	1	0	1
76	0	0	0	0	1	0	0	0	0	1	1	0	0	1	0	1
77	0	0	0	0	1	0	0	0	0	1	1	0	0	1	0	1
78	0	0	0	1	1	0	0	0	0	0	1	0	0	1	0	1
79	0	0	0	0	0	0	0	0	0	1	0	0	0	1	0	0
80	0	0	0	0	0	0	0	0	0	1	0	0	0	1	0	1
81	0	0	0	0	0	0	0	0	0	1	1	0	0	1	0	1
82	0	0	0	1	1	0	0	0	0	1	1	0	0	1	0	1
83	0	0	0	0	1	0	0	0	0	1	0	0	0	1	0	1
84	0	0	0	1	0	0	0	0	0	1	0	0	0	1	0	1
85	0	0	0	1	1	0	0	0	0	0	0	0	0	1	0	1
86	0	0	0	0	0	0	0	0	0	1	1	0	0	1	0	1
87	0	0	0	0	0	0	0	0	0	0	0	0	0	1	1	1
88	0	0	0	0	0	0	0	0	0	0	1	0	0	1	0	0
89	0	0	0	0	1	0	0	0	0	0	1	0	0	1	0	1
90	0	0	0	1	0	0	0	0	0	1	0	0	0	1	0	1
91	0	0	0	0	0	0	0	0	0	0	0	0	0	1	0	1
92	0	0	0	1	1	0	0	0	0	1	1	0	0	1	0	1
93	0	0	0	0	0	0	0	0	0	0	0	0	0	0	1	1
94	0	0	0	0	1	0	0	0	0	1	1	0	0	1	0	1
95	0	0	0	0	0	0	0	0	0	0	0	0	0	1	0	1
96	0	0	0	0	1	0	0	0	0	1	1	0	0	1	1	1
97	0	0	0	0	1	0	0	0	0	1	1	0	0	1	0	1
98	0	0	0	0	0	0	0	0	0	0	1	0	0	1	0	1
99	0	0	0	0	0	0	0	0	0	0	0	0	0	1	1	1
100	0	0	0	0	0	0	0	0	1	1	0	0	0	1	0	1
101	0	0	0	0	0	0	1	0	0	1	0	0	0	1	0	1
102	0	0	0	0	1	0	1	0	0	1	1	0	0	1	0	1
103	0	0	0	0	1	0	1	0	0	1	1	0	0	1	0	1
104	0	0	0	0	1	0	1	0	0	1	1	0	0	1	0	1
105	0	0	0	0	0	0	0	0	0	0	1	0	0	1	0	1
106	0	0	0	0	1	0	0	0	0	1	1	0	0	1	0	1
107	0	0	0	0	1	0	0	0	1	1	1	0	0	1	0	1
108	0	0	0	0	0	0	0	0	0	1	0	0	0	1	0	1
109	0	0	0	0	0	0	0	0	0	1	1	0	0	1	0	1
110	0	0	0	0	0	0	0	0	0	0	0	0	0	1	0	1
111	0	0	0	0	0	0	0	0	0	0	1	0	0	1	0	1
112	0	0	0	0	0	0	0	0	0	0	1	0	0	1	0	1
113	0	0	0	0	1	0	0	0	0	1	0	0	0	1	0	0
114	0	0	0	0	1	0	0	0	0	0	1	0	0	1	0	1
115	0	0	0	0	0	0	0	0	0	1	1	0	0	0	0	1
116	0	0	0	0	1	0	0	0	0	0	1	0	0	1	1	1
117	0	0	0	0	0	0	0	0	0	1	1	0	0	1	0	1
118	0	0	0	0	1	0	0	0	0	0	1	0	0	1	0	0
119	0	0	0	0	0	0	0	0	0	1	1	0	0	1	0	1
120	0	0	0	0	0	0	0	0	0	0	0	0	0	1	0	1
121	0	0	0	1	0	0	0	0	0	1	1	0	0	1	0	1
122	0	0	0	0	0	0	0	0	0	1	1	0	0	1	0	1
123	0	0	0	0	0	0	0	0	0	0	0	0	0	1	0	1
124	0	0	0	0	0	0	0	0	0	0	0	0	0	1	0	0
125	0	0	0	0	0	0	0	0	0	1	1	0	0	1	0	1
126	0	0	0	0	0	0	0	0	0	0	0	0	0	1	0	1
127	0	0	0	0	1	0	0	0	0	0	0	0	0	1	0	1
128	0	0	0	0	0	0	0	0	0	0	0	0	0	1	0	0
129	0	0	0	0	0	0	0	0	0	0	0	0	0	1	0	0
130	0	0	0	1	1	0	0	0	0	1	1	0	0	1	1	1
131	0	0	0	0	0	0	0	0	0	1	0	0	0	1	0	1
132	0	0	0	0	1	0	0	0	0	1	1	0	0	1	0	1
133	0	0	0	0	0	0	0	0	0	1	0	0	0	1	0	1
134	0	0	0	0	0	0	0	0	0	1	1	0	0	1	0	1
135	0	0	0	0	1	0	0	0	0	0	0	0	0	1	1	1
136	0	0	0	0	1	0	0	0	1	1	1	0	0	1	0	1
137	0	0	0	0	0	0	0	0	0	1	0	0	0	1	0	1
138	0	0	0	1	0	0	0	0	0	0	0	0	0	1	0	1
139	0	0	0	0	1	0	0	0	0	1	1	0	0	1	0	1
140	0	0	0	0	0	0	0	0	0	0	1	0	0	1	0	1
141	0	0	0	0	1	0	0	0	0	1	1	0	0	1	0	1
142	0	0	0	1	0	0	0	0	0	0	1	0	0	1	0	1
143	0	0	0	0	0	0	0	0	0	0	0	0	0	1	0	1
144	0	0	0	0	0	0	0	0	0	0	1	0	0	1	0	1
145	0	0	0	0	0	0	0	0	0	1	1	0	0	1	0	1
146	0	0	0	0	0	0	0	0	0	1	1	0	0	0	0	1
147	0	0	0	1	0	0	0	0	0	1	0	0	0	1	0	1
148	0	0	0	0	0	0	0	0	0	1	0	0	0	1	0	1
149	0	0	0	0	0	0	0	0	0	1	1	0	0	1	0	1
150	0	0	0	0	0	0	0	0	0	1	0	0	0	1	0	1
151	0	0	0	0	0	0	0	0	0	1	0	0	0	1	0	1
152	0	0	0	0	0	0	0	0	0	1	0	0	0	1	0	1
153	0	0	0	0	0	0	0	0	0	1	0	0	0	1	0	1
154	0	0	0	0	0	0	0	0	0	1	0	0	0	1	0	1
155	1	0	1	1	1	1	1	1	1	1	1	1	0	1	0	1
156	0	0	1	1	0	0	1	1	1	1	1	1	0	1	0	1
157	0	0	0	0	0	0	0	0	1	0	1	0	0	1	0	0
158	0	0	0	0	0	0	0	0	0	0	0	0	0	1	0	1
159	0	0	0	0	0	0	0	0	0	0	0	0	0	1	1	1
160	0	0	0	0	0	0	0	0	0	1	1	0	0	1	0	1
161	0	0	1	0	1	0	1	1	1	1	1	1	0	1	0	1
162	1	0	0	1	0	1	1	1	1	1	1	1	0	1	0	1
163	1	0	1	1	1	1	1	1	1	1	1	1	0	1	0	1
164	0	0	0	0	0	0	0	0	0	0	0	0	0	1	0	1
165	0	0	0	0	0	0	0	0	0	0	0	0	0	1	0	1
166	0	0	1	1	1	1	1	1	1	1	1	1	0	1	1	1
167	1	0	1	0	0	1	1	1	1	1	1	1	0	1	0	1
168	1	0	1	1	0	1	1	1	1	1	1	1	0	0	0	1
169	0	0	0	0	0	0	0	0	0	0	0	0	0	1	0	1
170	0	0	0	0	0	0	0	0	0	1	0	0	0	1	0	1
171	0	0	0	0	0	0	0	0	0	1	0	0	0	0	0	1
172	0	0	0	0	0	0	0	0	0	1	0	0	0	1	0	1
173	0	0	0	0	0	0	0	0	0	0	0	0	0	1	0	1
174	0	0	0	0	0	0	0	0	0	1	1	0	0	1	0	1
175	0	0	0	0	0	0	0	0	0	0	0	0	0	1	0	1
176	0	0	0	0	1	0	0	0	0	1	0	0	0	1	1	1
177	0	0	0	0	0	0	0	0	0	0	0	0	0	1	0	0
178	0	0	0	0	0	0	0	0	0	0	0	0	0	1	0	0
179	0	0	0	0	0	0	0	0	0	0	0	0	0	1	0	1
180	0	0	0	0	0	0	0	0	0	1	0	0	0	1	0	1
181	0	0	0	0	0	0	0	0	0	0	0	0	0	1	0	1
182	0	0	1	1	1	0	0	0	1	1	1	0	0	1	0	1
183	0	0	0	0	0	0	0	0	0	1	0	0	0	1	0	1
184	0	0	0	0	1	0	0	0	0	1	0	0	0	1	0	0
185	0	0	0	0	0	0	0	0	0	0	0	0	0	1	0	1
186	0	0	0	0	0	0	0	0	0	1	0	0	0	0	0	0
187	0	0	0	0	0	0	0	0	0	0	0	0	0	0	0	1
188	0	0	0	0	0	0	0	0	0	0	0	0	0	1	0	0
189	0	0	0	1	1	0	0	0	0	1	1	0	0	1	0	1
190	0	0	0	0	1	0	0	0	0	0	0	0	0	1	0	1
191	0	0	0	0	0	0	0	0	1	1	1	0	0	0	0	1
192	0	0	0	0	1	0	1	1	0	1	1	0	0	1	0	1
193	0	0	0	1	1	0	0	0	0	1	1	0	0	1	1	1
194	0	0	0	0	0	0	0	0	0	0	0	0	0	1	0	0
195	0	0	0	0	1	0	0	1	0	1	1	0	0	1	0	1
196	0	0	0	0	1	0	0	0	0	1	1	0	0	1	0	1
197	0	0	0	0	1	0	0	0	0	1	1	0	0	1	1	1
198	0	0	0	0	0	0	0	0	0	0	0	0	0	1	0	1
199	0	0	0	0	0	0	0	0	0	0	0	0	0	0	1	1
200	0	0	0	0	0	0	0	0	0	0	0	0	0	1	0	0
201	0	0	0	0	0	0	0	0	0	1	0	0	0	1	1	0
202	0	0	0	0	1	0	0	1	0	1	0	0	0	1	0	1
203	0	0	0	0	1	0	0	1	1	1	1	0	0	1	1	1
204	0	0	0	0	0	0	0	0	0	0	0	0	0	1	0	0
205	0	0	0	0	0	0	0	0	0	0	0	0	0	1	0	0
206	0	0	0	0	0	0	0	0	0	0	0	0	0	1	0	0
207	0	0	0	0	0	0	0	0	0	1	1	0	0	1	0	1
208	0	0	0	0	0	0	0	0	0	0	0	0	0	1	0	0
209	0	0	0	0	0	0	0	0	0	1	1	0	0	1	0	1
210	0	0	0	0	0	0	0	0	0	0	0	0	0	1	0	0
211	0	0	0	0	0	0	0	0	0	0	1	0	0	1	0	1
212	0	0	0	0	0	0	0	0	1	1	1	0	0	1	0	1
213	0	0	0	0	0	0	0	0	0	1	0	0	0	1	0	0
214	0	0	0	0	0	0	0	0	0	1	1	0	0	1	1	1
215	0	0	0	0	1	0	0	1	0	1	1	0	0	1	1	1
216	0	0	0	1	1	0	1	1	0	1	1	0	0	1	1	1
217	1	0	0	1	1	0	0	0	1	1	1	0	0	1	0	1
218	0	0	0	0	0	0	0	0	0	1	1	0	0	1	1	1
219	0	0	0	0	0	0	0	0	0	1	0	0	0	1	0	0
220	0	0	0	0	0	0	0	0	0	0	0	0	0	1	0	0
221	0	0	0	0	0	0	0	0	0	0	0	0	0	1	0	1
222	0	0	0	0	1	0	0	0	0	1	1	0	0	1	0	1
223	1	0	1	1	0	0	1	1	0	1	1	0	0	1	0	1
224	0	0	0	0	0	0	0	0	0	0	0	0	0	1	0	0
225	0	0	0	0	0	0	0	0	0	0	0	0	0	1	0	1
226	0	0	0	0	0	0	0	0	0	1	0	0	0	1	0	1
227	0	0	0	0	0	0	0	0	0	1	0	0	0	0	0	0
228	0	0	0	1	0	0	0	0	0	1	1	0	0	1	0	1
229	1	0	0	1	1	0	0	0	0	1	1	0	0	1	0	1
230	0	0	0	0	1	0	0	0	0	0	0	0	0	1	0	0
231	0	0	0	0	0	0	0	0	0	0	0	0	0	1	0	0
232	0	0	0	0	0	0	0	0	0	1	0	0	0	1	1	1
233	0	0	0	0	0	0	0	0	0	1	0	0	0	1	0	1
234	0	0	0	1	0	0	0	0	0	0	1	0	0	1	0	1
235	1	0	0	0	0	0	1	0	0	1	1	0	0	1	0	1
236	0	0	0	0	1	0	0	0	0	1	1	0	0	1	0	1
237	0	0	0	0	0	0	1	0	0	1	1	0	0	1	0	1
238	0	0	0	0	0	0	0	0	0	0	0	0	0	1	0	1
239	0	0	0	0	0	0	0	0	0	0	0	0	0	1	0	0
240	0	0	0	0	0	0	0	0	0	0	1	0	0	1	0	1
241	0	0	0	1	0	0	0	0	0	1	0	0	0	1	0	1
242	0	0	0	0	0	0	0	0	0	0	0	0	0	1	0	1
243	0	0	0	1	0	0	0	0	1	1	1	0	0	1	0	1
244	0	0	0	1	0	0	0	1	1	1	1	0	0	1	1	1
245	0	0	0	0	0	0	0	0	0	0	0	0	0	1	1	0
246	0	0	0	1	0	0	0	0	0	1	0	0	0	1	0	1
247	0	0	0	1	0	0	0	0	0	1	1	0	0	1	1	1
248	0	0	0	0	0	0	0	0	0	1	0	0	0	1	0	0
249	0	1	0	1	0	0	0	0	1	1	0	0	0	1	0	1
250	1	0	0	1	1	0	0	0	0	1	1	0	0	1	0	1
251	0	0	0	0	1	0	0	0	1	1	1	0	0	1	0	1
252	0	0	0	0	1	0	0	0	0	1	1	0	0	1	0	1
253	1	0	0	1	0	0	0	0	0	1	1	0	0	1	0	1
254	0	0	0	0	0	0	0	0	0	0	0	0	0	1	0	0
255	0	0	0	0	0	0	0	0	0	1	0	0	0	1	0	1
256	0	0	0	0	0	0	0	0	0	0	0	0	0	1	0	0
257	0	0	0	0	0	0	0	0	0	0	0	0	0	0	0	1
258	0	0	0	0	1	0	0	0	0	0	0	0	0	1	0	1
259	0	0	0	0	0	0	0	0	0	0	0	0	0	1	1	1
260	0	0	0	0	0	0	0	0	0	1	0	0	0	1	0	1
261	0	0	0	1	0	0	0	1	0	1	1	0	0	1	0	1
262	1	0	0	0	0	0	0	0	0	1	1	0	0	1	0	1
263	0	0	0	0	0	0	0	0	0	0	1	0	0	1	0	1
264	0	0	0	1	1	0	0	0	0	1	1	0	0	1	0	1
265	0	0	0	1	0	0	0	1	1	1	1	0	0	1	0	1
266	0	0	0	0	1	0	0	0	1	1	1	0	0	1	0	1
267	0	0	0	1	1	0	0	0	0	1	1	0	0	1	1	1
268	0	0	0	0	0	0	0	0	1	1	1	0	0	1	0	1
269	0	0	0	0	0	0	0	0	0	1	1	0	0	1	0	1
270	0	0	0	0	0	0	0	1	1	1	1	0	0	1	0	1
271	1	0	0	0	0	0	0	0	0	1	1	0	0	1	1	1
272	0	0	0	1	1	0	0	0	1	1	0	0	0	1	0	1
273	0	0	0	0	1	0	1	0	0	1	1	0	0	1	0	1
274	0	0	0	1	1	0	1	0	1	1	1	0	0	1	0	1
275	0	0	0	1	1	0	0	0	0	1	1	0	0	1	1	1
276	0	0	0	0	1	0	0	0	0	1	1	0	0	1	0	1
277	0	0	0	0	0	0	0	0	0	0	0	0	0	1	0	0
278	0	0	0	0	0	0	0	0	0	1	0	0	0	1	0	1
279	0	0	0	0	1	0	0	0	0	1	1	0	0	1	0	1
280	0	0	0	0	0	0	0	0	0	1	1	0	0	1	1	1
281	0	0	0	0	1	0	0	0	0	0	1	0	0	1	0	1
282	0	0	0	0	0	0	0	0	0	0	0	0	0	1	0	0
283	0	0	0	0	0	0	0	0	0	0	0	0	0	1	0	0
284	0	0	0	0	0	0	0	0	0	1	1	0	0	1	0	1
285	0	0	0	0	0	0	0	0	0	1	0	0	0	1	0	1
286	0	0	0	0	1	0	0	0	1	1	1	0	0	1	0	1
287	0	0	0	0	0	0	0	0	0	1	1	0	0	1	0	1
288	0	0	0	1	0	0	0	0	1	1	1	0	0	1	0	1
289	1	0	0	1	0	0	0	0	0	0	1	0	0	1	0	1
290	0	0	0	0	0	0	0	0	0	1	0	0	0	1	0	0
291	0	0	0	0	0	0	0	0	0	0	1	0	0	1	0	1
292	0	0	0	0	0	0	0	0	0	0	1	0	0	1	0	0
293	0	0	0	0	0	0	0	0	0	1	1	0	0	1	1	1
294	1	0	0	0	1	0	0	0	1	1	0	0	0	1	0	1
295	0	0	0	0	0	0	1	0	0	1	0	0	0	1	0	1
296	0	0	0	0	0	0	0	0	0	0	0	0	0	1	0	0
297	0	0	0	0	0	0	0	0	0	0	0	0	0	0	0	1
298	0	0	0	1	0	0	0	0	0	1	0	0	0	1	0	1
299	0	0	0	0	0	0	0	0	0	0	0	0	0	1	0	1
300	0	0	0	0	0	0	0	0	0	1	0	0	0	1	0	0
301	0	0	0	1	1	0	0	0	1	1	1	0	0	1	0	1
302	0	0	0	0	1	0	0	0	0	0	0	0	0	1	0	0
303	0	0	0	0	0	0	0	0	0	1	1	0	0	1	0	1
304	0	0	0	0	0	0	0	0	0	1	1	0	0	1	0	1
305	0	0	0	1	0	0	1	0	0	1	1	0	0	1	0	1
306	0	0	0	0	1	1	0	0	0	1	1	1	0	1	0	1
307	0	1	1	0	1	0	1	1	1	1	1	0	0	1	0	1
308	1	1	1	1	1	0	0	1	1	1	1	1	1	1	0	0
309	1	1	1	0	0	0	1	1	0	1	1	1	1	1	0	1
310	0	0	0	0	0	0	0	0	0	0	1	0	0	1	1	1
311	0	0	0	0	0	0	0	0	0	0	0	0	0	0	0	1
312	0	0	0	1	1	0	0	0	0	1	1	0	0	1	0	1
313	0	0	0	0	0	0	0	0	0	0	0	0	0	1	0	0
314	1	0	0	0	0	0	0	0	1	1	0	0	0	1	0	1
315	1	1	1	1	1	0	0	0	1	0	1	0	0	0	0	0
316	1	1	1	1	0	1	0	1	1	1	1	1	0	0	0	0
317	0	1	1	1	1	1	0	0	1	1	1	0	0	1	0	0
318	0	0	0	0	0	0	0	0	0	0	1	0	0	1	1	1
319	0	0	0	0	0	0	0	0	0	1	1	0	0	0	0	0
320	1	0	0	1	0	0	0	0	0	1	1	0	0	1	0	1
321	0	0	0	0	0	0	0	0	0	0	0	0	0	1	0	0
322	0	0	1	0	1	0	0	1	1	1	1	1	0	1	0	1
323	0	1	1	1	0	0	0	0	0	1	1	1	0	1	0	1
324	0	1	1	1	1	1	0	0	1	1	0	1	0	0	0	0
325	0	1	1	1	1	1	0	1	1	1	0	1	0	1	0	0
326	1	0	1	1	1	1	0	1	0	0	0	1	0	1	0	0
327	0	1	0	1	0	0	0	1	0	0	0	0	0	0	0	0
328	0	1	1	0	0	0	0	0	0	1	1	0	0	1	0	1
329	0	0	0	0	0	0	0	0	0	0	1	0	0	1	0	0
330	0	0	0	0	0	0	0	0	0	1	0	0	0	0	0	1
331	0	0	0	1	1	0	0	0	1	1	1	0	0	1	0	1
332	0	0	0	0	1	0	0	0	0	1	1	0	0	1	0	1
333	0	0	0	0	0	0	0	0	0	1	1	0	0	1	0	1
334	0	0	0	1	0	0	0	0	0	0	0	0	0	0	0	0
335	0	0	0	0	0	0	0	0	0	0	0	0	0	1	0	0
336	0	0	0	0	1	0	0	0	0	0	1	0	0	1	1	0
337	0	0	0	0	1	0	0	0	0	1	1	0	0	1	0	1
338	0	0	0	0	1	0	0	0	0	1	1	0	0	1	0	1
339	0	0	0	0	0	0	0	0	0	0	0	0	0	1	0	1
340	0	0	0	0	0	0	0	0	0	1	1	0	0	1	0	0
341	0	0	0	0	1	0	0	0	0	1	1	0	0	1	0	0
342	0	0	0	1	1	0	0	0	0	1	1	0	0	1	0	1
343	0	0	0	1	0	0	0	0	0	1	0	0	0	1	0	1
344	0	0	1	0	1	0	0	1	0	1	1	0	0	1	0	1
345	0	1	0	1	0	0	0	0	0	0	0	0	0	1	0	1
346	0	0	0	0	0	0	0	0	0	0	0	0	0	1	0	0
347	0	0	0	0	0	0	0	0	0	0	0	0	0	1	0	0
348	0	0	0	0	1	0	0	0	0	0	1	0	0	1	1	1
349	1	0	0	1	0	0	0	0	0	1	1	0	0	1	0	1
350	0	0	0	0	1	0	0	0	0	1	0	0	0	1	0	1
351	0	0	0	0	0	0	0	0	0	1	1	0	0	1	0	1
352	0	0	0	0	1	0	0	0	0	1	0	0	0	1	0	1
353	0	0	0	0	0	0	0	0	0	0	0	0	0	1	0	0
354	0	0	0	0	0	0	0	0	0	0	0	0	0	1	0	0
355	0	0	1	0	1	0	0	0	0	1	1	0	0	1	1	1
356	0	0	0	0	1	0	1	1	1	1	0	0	0	1	0	1
357	0	0	0	0	0	0	0	0	0	0	0	0	0	1	1	0
358	0	0	0	0	0	0	0	0	0	0	1	0	0	1	1	1
359	0	0	0	0	0	0	0	0	0	0	0	0	0	1	1	0
360	0	0	0	1	1	0	0	0	0	1	1	0	0	1	0	1
361	0	0	0	1	0	0	0	0	0	1	1	0	0	1	0	1
362	0	0	0	0	0	0	0	0	0	0	0	0	0	1	0	1
363	0	0	0	1	0	0	0	0	0	1	1	0	0	1	0	1
364	0	0	0	1	1	0	0	0	0	1	0	0	0	1	0	1
365	0	0	0	0	0	0	0	0	0	0	1	0	0	1	0	0
366	0	0	0	0	0	0	0	0	0	0	0	0	0	1	0	1
367	0	0	0	0	0	0	0	0	0	1	0	0	0	1	0	0
368	0	0	0	1	1	0	0	1	1	1	1	0	0	1	0	1
369	0	0	1	1	1	0	0	1	1	1	0	0	1	1	0	1
370	0	0	0	1	0	0	0	0	0	1	0	0	0	1	0	1
371	0	0	0	0	0	0	0	0	0	0	0	0	0	1	0	0
372	0	0	0	0	0	0	0	0	0	1	0	0	0	1	0	1
373	0	0	0	0	0	0	0	0	0	0	0	0	0	1	0	0
374	1	0	1	1	1	1	0	0	1	1	1	0	1	1	0	1
375	0	0	1	1	1	1	0	1	0	1	1	1	0	1	0	0
376	1	1	1	1	0	1	0	0	1	0	1	1	0	1	0	0
377	0	1	1	0	0	0	0	0	0	0	1	1	0	1	0	0
378	0	1	1	1	1	0	0	0	1	0	1	0	0	1	0	0
379	0	0	0	0	1	0	0	0	0	0	0	0	0	1	0	1
380	0	0	0	0	0	0	0	0	0	1	1	0	0	1	0	1
381	1	1	1	0	0	0	0	0	1	1	0	1	0	1	0	1
382	0	0	0	0	0	1	0	1	1	1	1	1	0	1	0	1
383	0	0	1	0	1	0	0	0	0	0	0	1	0	0	0	0
384	0	0	0	0	1	0	0	0	0	0	0	1	0	0	0	0
385	0	1	0	1	1	1	0	0	0	0	0	0	1	0	0	0
386	1	1	0	1	0	0	0	0	0	1	0	0	0	1	1	1
387	0	0	0	0	0	0	0	0	0	1	1	0	0	1	0	1
388	0	0	0	0	0	0	0	0	0	1	1	0	0	1	0	1
389	0	0	0	0	0	0	0	0	0	0	0	0	0	1	0	0
390	0	0	0	1	0	1	0	1	0	0	1	1	0	1	0	0
391	0	0	0	0	0	0	1	0	0	0	0	1	0	1	0	0
392	0	0	1	1	0	0	0	1	1	0	1	1	0	0	0	0
393	0	1	1	1	0	1	0	1	1	0	0	1	1	1	0	0
394	0	0	0	0	1	0	0	0	0	0	0	0	0	1	1	0
395	0	0	0	0	1	0	0	0	1	1	1	0	0	1	1	1
396	0	0	0	1	1	0	0	0	1	1	1	0	0	1	0	1
397	0	0	0	1	1	0	0	0	1	1	1	0	0	1	1	1
398	0	0	0	0	1	0	0	0	0	0	0	0	0	1	0	0
399	0	0	1	0	0	0	0	0	1	0	0	1	0	1	0	0
400	0	0	1	0	1	0	0	0	0	0	0	0	0	1	0	0
401	0	0	0	0	0	0	0	0	0	0	1	0	0	0	1	0
402	0	0	0	0	0	0	0	0	0	0	0	0	0	1	0	0
403	1	0	0	0	0	0	0	0	0	1	1	0	0	1	0	1
404	0	0	0	1	0	0	0	0	1	1	1	0	0	1	0	1
405	0	0	0	1	0	0	0	0	0	0	0	0	0	1	0	1
406	0	0	0	0	0	0	0	0	0	0	0	0	0	0	0	1
407	0	0	0	1	0	0	0	0	0	1	1	0	0	1	0	1
408	0	0	0	0	0	0	0	0	0	0	1	0	0	1	1	0
409	0	0	0	0	0	0	0	0	0	0	1	0	0	0	0	0
410	0	1	0	1	0	1	0	1	0	0	1	1	0	1	0	0
411	0	1	0	0	0	0	0	0	0	0	0	0	0	0	0	0
412	0	1	0	0	0	0	0	0	0	0	0	0	0	0	0	0
413	0	1	0	1	0	0	0	0	0	0	0	0	0	0	0	0
414	0	0	0	1	0	0	0	0	0	1	1	0	0	1	0	1
415	0	0	0	0	0	0	0	0	0	0	0	0	0	1	1	0
416	1	1	0	1	1	0	0	1	1	1	1	0	0	1	1	1
417	0	0	0	1	1	0	0	0	0	1	1	0	0	1	1	1
418	0	0	0	0	0	0	0	0	0	1	0	0	0	1	0	1
419	0	0	0	1	0	0	0	0	0	1	0	0	0	1	0	1
420	0	0	0	0	0	0	0	0	0	0	0	0	0	1	0	0
421	0	0	0	0	0	0	0	0	0	0	0	0	0	1	0	0
422	0	0	0	0	0	0	0	0	0	0	1	0	0	1	0	0
423	0	1	1	1	0	0	0	1	0	0	1	0	0	0	0	0
424	0	0	0	0	0	0	1	0	0	0	0	0	1	0	0	1
425	0	0	1	0	0	0	0	0	0	0	0	0	0	0	0	0
426	0	0	0	0	1	0	0	0	0	0	0	0	0	0	0	0
427	0	0	0	0	0	0	0	0	0	1	1	0	0	1	0	1
428	0	0	0	0	0	0	0	0	0	0	0	0	0	1	0	0
429	0	0	0	1	1	0	0	1	0	1	1	0	0	1	0	1
430	0	1	1	1	0	1	1	0	0	1	0	1	0	1	0	0
431	1	0	1	0	0	0	0	1	1	0	1	0	1	0	0	0
432	0	0	0	0	0	1	0	1	0	0	0	0	0	0	0	0
433	0	0	1	1	0	0	1	1	1	0	0	0	0	0	0	1
434	0	0	0	1	1	0	0	0	0	0	1	0	0	1	1	1
435	0	1	1	1	0	0	0	0	1	0	0	1	0	1	0	0
436	0	0	0	1	0	0	0	0	0	0	0	0	0	0	0	0
437	0	1	0	0	0	0	0	1	1	0	0	0	0	0	0	0
438	0	0	0	0	1	0	0	0	0	0	0	0	0	1	1	1
439	0	0	0	1	1	0	1	0	0	1	1	0	0	1	0	1
440	0	0	0	0	0	0	0	0	0	0	0	0	0	1	0	1
441	0	0	0	0	0	0	0	0	0	0	0	0	0	1	0	0
442	0	0	0	0	0	0	0	0	0	0	0	0	0	1	0	0
443	0	0	0	0	0	0	0	0	0	1	0	0	0	1	0	1
444	0	0	0	0	0	0	0	1	0	0	0	0	0	0	0	0
445	0	0	1	0	1	0	0	1	0	0	0	0	0	1	0	0
446	0	0	0	0	1	0	0	0	1	1	1	1	0	1	0	0
447	0	0	0	1	0	1	1	0	0	0	0	0	0	0	0	1
448	0	0	0	0	0	0	0	0	0	0	1	0	0	1	0	0
449	0	0	0	1	1	0	0	0	0	1	1	0	0	1	0	1
450	1	0	0	0	1	0	1	1	1	1	1	0	0	1	0	1
451	0	0	0	1	0	0	0	0	1	1	1	0	0	1	1	1
452	0	0	0	0	0	0	0	0	0	0	0	0	0	1	0	1
453	1	0	0	0	1	0	0	0	0	0	1	1	0	1	0	1
454	0	1	0	0	0	0	0	0	1	0	0	1	0	1	0	1
455	0	1	0	1	1	0	1	1	1	1	0	0	1	1	0	0
456	1	1	1	0	0	0	0	1	0	0	0	0	0	1	0	0
457	1	1	1	1	1	1	0	1	1	1	1	1	0	1	0	0
458	0	0	0	1	0	0	0	0	1	1	1	0	0	1	1	1
459	1	1	0	1	0	0	0	0	1	1	1	0	0	1	1	1
460	0	0	0	0	0	0	0	0	0	0	1	0	0	1	0	0
461	0	0	0	0	0	0	0	0	0	0	0	0	0	1	0	0
462	0	0	0	0	0	0	0	0	0	0	0	0	0	1	0	0
463	0	0	0	0	0	0	0	0	0	0	0	0	0	1	0	1
464	0	0	0	0	1	0	0	0	1	1	1	0	0	1	0	1
465	0	0	1	0	1	0	0	1	1	1	1	0	0	1	0	1
466	1	1	1	0	1	0	0	1	1	1	1	0	0	1	0	1
467	1	0	0	0	1	0	1	1	1	1	1	0	0	1	0	1
468	0	1	0	0	1	0	0	1	1	1	1	1	0	1	1	1
469	0	0	0	1	0	0	0	0	1	1	1	0	0	1	0	1
470	0	0	1	1	1	0	0	1	1	1	1	0	0	1	1	1
471	0	0	0	1	0	0	0	0	1	1	1	0	0	1	0	1
472	0	0	0	0	1	0	0	0	0	0	0	0	0	1	0	1
473	0	0	0	0	0	0	0	0	0	0	0	0	0	1	0	0
474	0	1	1	1	1	0	1	1	1	1	0	0	0	1	0	1
475	0	0	0	1	1	0	0	0	1	1	1	0	0	1	0	1
476	0	0	0	0	1	0	0	0	0	1	1	0	0	1	0	1
477	0	0	0	1	1	0	0	0	1	1	1	0	0	1	1	1
478	0	0	0	0	0	0	0	0	0	1	1	0	0	1	0	1
479	0	0	0	1	0	0	0	0	0	1	1	0	0	1	1	1
480	0	0	0	0	1	0	0	0	0	0	1	0	0	1	1	0
481	0	0	0	0	0	0	0	0	0	0	0	0	0	1	0	0
482	0	0	0	0	1	0	0	0	0	1	0	0	0	1	0	1
483	1	1	0	0	1	0	0	1	1	1	1	0	0	1	0	1
484	1	1	1	1	0	0	0	1	1	1	1	0	0	1	0	1
485	0	0	0	1	1	0	0	1	0	1	1	0	0	1	0	1
486	0	0	0	0	0	0	0	0	0	0	0	0	0	1	0	0
487	0	0	0	0	1	0	0	0	0	0	0	0	0	1	0	1
488	0	0	0	0	1	0	0	0	0	1	0	0	0	0	1	1
489	0	0	0	1	1	0	0	0	0	1	0	0	0	1	1	1
490	0	0	0	0	0	0	0	0	0	1	0	0	0	1	0	1
491	0	0	0	1	1	0	0	0	0	1	1	0	0	1	0	1
492	0	0	0	0	1	0	0	0	0	1	0	0	0	1	0	1
493	0	0	0	0	1	0	0	0	0	1	0	0	0	1	0	1
494	0	0	0	1	1	0	0	0	0	0	1	0	0	1	0	1
495	0	0	0	1	1	0	0	1	0	1	1	0	0	1	0	1
496	0	0	0	1	1	0	0	1	0	1	1	0	0	1	0	1
497	0	0	0	0	0	0	0	0	0	0	0	0	0	1	0	1
498	0	0	0	0	1	0	0	0	0	1	1	0	0	1	0	1
499	0	0	0	0	1	0	0	0	0	0	0	0	0	1	1	0
500	0	0	0	1	0	0	0	0	0	1	1	0	0	1	0	1
501	0	0	0	0	0	0	0	0	0	0	0	0	0	1	0	0
502	0	0	0	0	0	0	0	0	0	0	0	0	0	1	0	0
503	0	0	0	1	0	0	0	0	0	1	1	0	0	1	0	1
504	1	0	0	1	1	0	0	0	0	1	1	0	0	1	1	1
505	0	0	0	1	1	0	0	0	0	1	1	0	0	1	0	1
506	0	0	0	1	0	0	0	0	0	1	1	0	0	1	0	1
507	0	0	0	0	0	0	0	0	0	0	1	0	0	1	0	0
508	0	0	0	0	1	0	0	0	0	0	1	0	0	1	0	1
509	0	0	0	1	1	0	0	0	0	0	0	0	0	1	0	1
510	0	0	0	0	0	0	0	0	0	0	0	0	0	1	0	1
511	0	0	0	0	0	0	0	0	0	0	0	0	0	0	1	0
512	0	0	0	1	1	0	0	0	0	1	1	0	0	1	1	1
513	0	0	0	0	1	0	0	0	0	1	1	0	0	1	1	1
514	0	0	0	0	0	0	0	0	0	0	1	0	0	1	0	1
515	0	0	0	0	0	0	0	0	0	1	1	0	0	1	0	1
516	0	0	0	1	0	0	0	0	1	1	1	0	0	1	0	1
517	1	0	0	1	1	0	0	0	0	1	1	0	0	1	0	1
518	0	0	0	1	1	0	0	0	1	1	1	0	0	1	0	1
519	0	0	0	1	0	0	0	0	1	1	1	0	0	1	1	1
520	0	0	0	1	0	0	0	0	0	1	1	0	0	1	0	1
521	1	0	0	1	0	0	0	1	0	1	1	0	0	1	0	1
522	1	0	0	1	1	0	0	0	0	1	1	0	0	1	0	1
523	0	0	0	1	0	0	0	0	0	0	1	0	0	1	0	1
524	0	0	0	1	1	0	0	0	0	1	1	0	0	0	0	1
525	0	0	0	0	1	0	0	0	0	1	1	0	0	1	1	1
526	0	0	0	0	1	0	0	0	0	0	0	0	0	1	0	1
527	0	0	0	0	0	0	0	0	0	0	0	0	0	1	0	1
528	0	0	0	1	0	0	0	0	0	1	0	0	0	1	0	1
529	0	0	0	0	0	0	0	0	0	0	0	0	0	1	0	1
530	0	0	0	1	0	0	0	0	1	1	1	0	0	1	0	1
531	0	0	0	0	0	0	0	0	1	1	1	0	0	1	0	0
532	0	0	0	0	0	0	0	0	0	0	0	0	0	1	0	1
533	0	0	0	0	1	0	0	0	1	1	1	0	0	1	1	1
534	0	0	0	0	0	0	0	0	0	0	1	0	0	0	0	0
535	1	0	0	1	1	0	0	0	0	1	1	0	0	0	0	1
536	0	0	0	1	1	0	0	0	0	1	1	0	0	1	1	1
537	0	0	0	1	1	0	0	0	1	1	0	0	0	1	0	1
538	0	0	0	1	0	0	0	0	0	0	1	0	0	1	0	1
539	0	0	0	0	0	0	0	0	0	0	1	0	0	1	0	0
540	1	1	1	1	1	1	0	1	1	1	1	0	0	1	0	1
541	0	0	0	0	1	0	0	0	0	1	1	0	0	1	0	1
542	0	0	0	0	1	0	0	0	0	0	1	0	0	1	0	1
543	0	0	0	0	1	0	0	0	0	1	1	0	0	1	0	1
544	0	0	0	1	1	0	0	0	0	1	1	0	0	1	0	1
545	0	0	0	0	1	0	0	0	0	1	1	0	0	1	0	1
546	1	1	0	1	1	0	0	0	1	1	0	0	0	1	0	1
547	0	0	0	0	1	0	0	0	0	1	1	0	0	1	1	1
548	0	0	0	0	0	0	0	0	0	0	0	0	0	1	0	0
549	0	0	0	0	0	0	0	0	0	0	0	0	0	1	0	1
550	0	0	1	0	0	0	0	1	1	1	1	1	0	1	0	1
551	0	0	0	0	0	0	0	0	0	0	1	0	0	1	0	0
552	0	0	0	1	0	0	0	0	1	1	1	0	0	1	1	1
553	0	0	0	1	0	0	0	0	0	1	1	0	0	1	0	1
554	0	0	0	1	0	0	0	1	0	0	1	1	0	0	0	0
555	0	1	1	1	0	0	1	1	1	1	0	0	0	1	0	1
556	0	0	0	0	0	0	0	0	0	1	1	0	0	1	0	1
557	0	0	0	1	0	0	0	0	0	1	1	0	0	1	0	1
558	0	0	0	1	0	0	0	0	0	1	1	0	0	1	0	1
559	0	0	0	1	1	0	0	1	1	1	1	0	0	1	1	1
560	0	1	0	1	1	0	0	0	1	0	0	1	0	1	0	0
561	1	1	0	1	1	0	0	1	0	0	1	0	0	1	0	1
562	0	1	1	0	1	0	0	1	1	1	1	0	1	1	0	0
563	0	0	0	1	0	0	0	0	0	1	1	0	0	1	1	1
564	0	0	0	1	0	0	0	1	0	1	1	0	0	1	0	1
565	1	0	0	1	0	0	0	1	1	1	1	0	0	1	0	1
566	0	1	0	1	1	0	1	1	1	0	0	1	1	0	0	0
567	0	0	0	1	0	0	0	1	1	1	1	0	0	1	0	1
568	1	0	0	0	1	0	0	0	0	1	1	0	0	1	0	1
569	0	0	0	1	1	0	0	0	0	1	1	0	0	0	0	1
570	1	0	0	1	1	0	1	1	1	1	1	0	0	0	0	1
571	0	0	1	1	1	0	0	1	0	0	0	1	0	1	0	0
572	1	1	1	0	0	0	0	0	0	0	1	0	0	1	0	0
573	0	0	0	0	0	0	0	0	0	0	1	0	0	1	0	1
574	0	0	0	1	0	0	0	0	0	1	1	0	0	1	1	1
575	1	0	0	1	1	0	1	1	1	1	0	0	0	1	0	1
576	0	0	0	1	0	0	0	0	0	0	0	1	0	0	0	0
577	0	1	0	1	0	0	0	0	0	0	1	0	0	0	0	0
578	0	0	1	1	1	0	0	0	1	0	0	1	0	0	0	0
579	0	0	0	1	1	0	0	0	0	0	1	1	0	0	0	0
580	0	1	0	1	1	0	0	0	1	0	0	1	0	1	0	0
581	0	1	1	1	0	1	0	0	0	0	0	0	0	1	0	0
582	0	1	0	1	1	1	0	0	0	0	0	0	0	1	0	0
583	0	0	0	0	0	0	0	0	0	0	1	0	0	0	0	1
584	0	0	0	0	0	0	0	0	0	1	1	0	0	1	0	1
585	0	0	0	1	0	0	0	0	1	1	1	0	0	1	1	1
586	0	0	0	1	1	0	0	0	0	1	1	0	0	1	1	1
587	0	0	0	1	1	0	0	0	0	1	1	0	0	1	0	1
588	0	0	0	0	1	0	0	0	0	1	1	0	0	1	1	1
589	0	0	0	0	0	1	0	0	0	1	1	0	0	1	0	1
590	0	0	0	1	0	0	0	1	0	1	1	0	0	1	1	1
591	0	0	0	1	1	0	0	0	0	1	0	0	0	1	0	1
592	1	0	0	1	1	0	0	0	0	1	1	0	0	1	0	1
593	0	0	0	1	0	0	0	0	1	1	1	0	0	1	1	1
594	0	0	0	0	0	0	0	0	0	0	0	0	0	1	0	1
595	0	0	0	1	1	0	0	0	1	0	0	0	0	0	0	0
596	0	0	1	0	1	1	0	1	1	1	1	1	0	1	0	0
597	0	0	0	0	0	0	0	0	0	0	1	0	0	1	1	1
598	0	0	0	0	0	0	0	0	0	1	1	0	0	1	0	1
599	1	0	0	1	1	0	0	1	0	1	1	0	0	1	0	1
600	0	0	0	1	0	1	0	0	0	1	1	0	0	1	0	1
601	1	0	0	1	1	0	0	1	1	1	1	0	0	1	1	1
602	1	0	0	1	0	0	0	1	1	1	1	0	0	0	0	1
603	0	0	0	1	0	0	0	0	0	1	1	0	0	1	0	1
604	0	0	0	0	0	0	0	0	1	1	1	0	0	1	0	1
605	0	0	0	1	1	0	0	0	0	1	1	0	0	1	0	1
606	0	0	0	0	0	0	0	0	0	1	0	0	0	1	0	1
607	0	0	0	1	0	0	0	0	0	1	1	0	0	1	0	1
608	0	0	0	1	0	0	0	1	0	1	1	0	0	1	0	1
609	0	0	0	1	1	0	0	1	0	1	1	0	0	1	0	1
610	0	0	0	1	1	0	0	0	1	1	1	0	0	1	0	1
611	0	1	0	1	0	0	0	0	1	1	1	0	0	1	0	1
612	0	0	0	1	1	0	0	0	1	1	0	0	0	1	0	1
613	0	0	0	0	1	0	0	0	0	0	1	0	0	1	0	1
614	0	0	0	0	1	0	0	0	1	1	1	0	0	1	0	1
615	0	0	0	1	1	0	0	1	0	1	1	0	0	1	0	1
616	0	0	0	1	1	0	0	0	0	1	1	0	0	1	0	1
617	0	0	0	0	0	0	0	0	0	1	1	0	0	1	0	1
618	0	0	0	0	0	0	0	0	0	1	1	0	0	1	0	1
619	0	0	0	0	1	0	0	0	0	0	1	0	0	1	0	1
620	1	0	0	1	0	0	0	0	0	1	1	0	0	0	0	1
621	1	0	0	0	1	0	0	0	0	1	1	0	0	1	1	1
622	0	0	0	0	1	0	0	0	0	0	1	0	0	1	0	1
623	0	0	0	1	0	0	0	0	0	1	0	0	0	1	1	1
624	1	0	0	1	1	0	0	1	0	1	1	0	0	0	0	1
625	1	0	0	1	1	0	0	1	1	1	1	0	0	1	1	1
626	0	0	0	0	0	0	0	0	1	0	0	0	0	1	0	1
627	1	0	0	1	0	0	0	1	0	1	1	0	0	1	0	1
628	0	0	0	0	1	0	0	0	1	1	1	0	0	1	0	1
629	0	0	0	0	0	0	0	0	0	1	0	0	0	1	1	1
630	0	0	0	0	0	0	0	0	0	1	0	0	0	1	0	1
631	0	0	0	0	1	0	0	1	1	1	1	0	0	1	0	1
632	0	0	0	1	0	0	1	0	1	0	1	1	0	1	0	1
633	0	0	0	1	0	0	0	0	0	1	1	0	0	1	0	1
634	0	0	0	0	0	0	0	0	0	1	1	0	0	1	0	0
635	0	1	0	1	0	0	0	0	0	1	1	0	0	1	0	1
636	0	0	0	0	1	0	0	0	1	0	0	0	0	1	0	1
637	0	0	0	0	1	0	0	0	0	1	0	0	0	1	0	1
638	0	0	0	1	0	0	0	0	1	1	1	0	0	1	0	1
639	0	0	0	0	1	0	0	0	0	1	0	0	0	1	0	1
640	0	0	0	1	1	0	0	0	0	1	1	0	0	1	0	1
641	0	0	0	1	0	0	0	0	0	1	1	0	0	1	0	1
642	0	0	0	1	0	0	0	0	1	1	1	0	0	1	0	1
643	0	0	0	1	0	0	0	0	0	1	1	0	0	1	0	1
644	0	0	0	1	0	0	0	0	0	1	1	0	0	1	0	1
645	0	0	0	0	0	0	0	0	0	1	1	0	0	1	0	1
646	0	0	0	0	0	0	0	0	0	0	0	0	0	1	0	1
647	0	0	0	1	0	0	0	0	0	0	0	0	0	1	0	0
648	0	0	0	0	1	0	0	1	1	1	1	0	0	1	1	1
649	0	0	0	0	0	0	0	0	0	1	0	0	0	1	0	1
650	0	1	0	1	0	1	0	1	0	0	1	1	1	1	0	0
651	0	0	0	0	0	0	0	0	0	1	0	0	0	1	0	0
652	0	0	0	0	0	0	0	0	0	1	1	0	0	1	0	1
653	1	0	1	0	0	0	0	0	1	0	0	1	1	0	0	1
654	0	1	0	0	0	0	0	1	1	0	1	1	0	0	0	0
655	0	1	1	1	1	0	0	0	1	1	1	1	0	0	0	0
656	0	1	1	1	1	0	1	1	0	1	0	0	1	1	0	1
657	0	1	1	1	0	1	0	1	1	1	0	1	0	0	0	0
658	0	0	1	1	1	0	0	1	1	1	1	1	1	0	0	1
659	0	1	1	1	0	0	1	1	1	0	0	1	1	0	0	1
660	0	1	1	1	0	1	0	1	1	1	1	0	1	1	0	1
661	0	1	1	1	0	0	0	1	1	0	1	0	0	1	0	1
662	0	0	0	0	0	0	0	0	1	1	0	0	0	1	0	1
663	0	0	0	1	0	0	0	1	1	0	0	0	0	0	0	1
664	0	0	0	1	0	0	0	0	0	0	0	1	0	0	0	0
665	0	1	1	1	0	0	0	0	1	1	1	1	0	0	0	0
666	0	0	0	0	0	0	0	0	0	0	1	0	0	1	0	1
667	1	0	0	0	0	0	0	1	1	1	1	1	0	1	0	1
668	0	0	1	1	0	0	0	1	0	0	1	1	0	1	0	0
669	0	0	0	0	0	0	0	0	1	1	0	0	1	0	0	1
670	0	0	0	0	0	0	0	0	0	1	0	0	0	0	0	0
671	0	0	0	0	0	0	0	1	1	0	0	0	0	0	0	0
672	0	0	1	1	0	0	0	0	1	1	1	0	0	1	0	1
673	0	0	0	1	0	0	0	1	0	0	0	0	0	0	0	0
674	0	0	0	0	1	0	0	1	0	0	0	0	1	0	0	1
675	0	0	0	1	1	0	1	1	1	0	0	0	0	0	0	0
676	0	0	0	1	0	0	0	1	0	0	0	0	0	0	0	0
677	1	0	0	1	1	0	0	0	0	0	0	1	0	0	0	0
678	0	1	0	1	0	0	0	0	1	1	1	0	0	1	0	1
679	1	0	0	1	0	0	0	1	1	0	1	1	0	1	0	0
680	0	0	1	0	1	0	0	1	1	0	1	1	0	0	0	0
681	1	1	1	1	1	0	0	1	0	0	0	1	0	0	0	0
682	0	0	0	1	1	0	0	0	0	0	1	0	0	1	0	1
683	1	1	0	1	0	0	0	1	0	1	1	0	0	1	0	1
684	0	0	0	0	1	0	1	0	0	1	1	0	0	1	0	1
685	1	0	1	1	1	0	0	1	1	0	0	1	0	1	0	0
686	0	0	0	1	1	0	0	1	0	0	1	0	0	0	0	0
687	1	0	0	1	1	0	0	1	0	0	1	1	0	0	0	0
688	0	0	0	1	0	0	0	1	0	0	0	0	0	0	0	1
689	0	0	0	1	0	0	0	1	0	0	0	1	0	0	0	0
690	1	0	0	0	0	0	0	1	1	1	1	1	0	0	0	0
691	0	0	0	1	0	0	0	0	0	0	0	0	0	0	0	1
692	0	0	0	1	0	0	0	1	0	0	0	1	0	0	0	0
693	0	0	0	1	0	0	0	0	0	0	0	0	0	0	0	0
694	0	0	0	1	0	0	0	1	0	0	0	1	0	0	0	0
695	0	0	0	0	0	0	0	0	0	1	0	0	0	1	0	1
696	1	0	0	1	1	0	0	1	0	0	1	0	0	1	0	0
697	0	0	0	1	1	0	0	1	0	0	1	0	0	1	0	0
698	0	0	0	1	0	0	0	1	0	0	0	0	0	0	0	1
699	0	0	0	1	0	0	0	1	0	0	0	0	0	0	0	0
700	0	0	1	1	0	0	0	0	1	0	0	1	0	0	0	0
701	0	0	0	0	0	0	0	0	0	1	0	0	0	1	0	1
702	1	0	0	1	1	0	0	1	1	1	1	1	0	1	0	1
703	0	0	0	0	1	0	0	0	0	1	0	0	0	0	1	1
704	0	0	0	0	0	0	0	0	0	0	1	0	0	0	0	1
705	0	0	0	0	0	0	0	0	0	1	1	0	0	1	0	1
706	0	1	1	1	0	1	0	1	1	0	0	1	1	1	0	0
707	0	1	1	1	1	0	1	0	1	1	1	0	0	0	0	0
708	0	1	1	1	0	0	0	1	1	0	0	0	0	1	0	0
709	0	1	1	1	0	0	1	1	0	0	0	0	1	1	0	0
710	0	1	1	0	0	0	0	1	1	1	0	0	0	1	0	0
711	0	1	1	1	0	0	0	1	1	0	1	0	0	1	0	1
712	0	1	1	0	0	0	0	1	1	0	0	0	0	1	0	0
713	0	1	1	1	0	0	1	1	1	1	0	1	1	1	0	0
714	1	0	0	1	1	0	0	1	1	1	0	1	1	1	0	0
715	0	1	1	1	0	0	0	0	1	0	0	1	0	1	0	0
716	0	1	1	1	0	0	0	0	1	1	1	0	1	1	0	0
717	1	0	1	1	1	0	0	0	1	1	0	0	0	1	0	0
718	1	1	0	1	1	0	0	1	1	0	0	0	0	0	0	0
719	0	1	1	1	0	0	0	0	1	0	0	1	0	0	0	0
720	1	1	1	0	0	0	0	0	0	1	1	0	0	1	0	0
721	1	1	1	0	0	0	0	0	1	1	1	1	0	1	0	0
722	0	0	0	0	0	0	0	0	0	1	1	0	0	1	0	1
723	1	0	1	1	1	0	0	0	1	0	1	1	0	0	0	0
724	0	0	0	0	0	0	0	0	0	1	1	0	0	1	0	0
725	1	0	0	1	1	0	0	0	1	0	0	0	1	0	0	0
726	0	0	0	0	1	0	0	0	1	0	1	1	0	0	0	0
727	0	1	0	0	0	0	0	0	1	1	1	0	0	1	0	0
728	0	1	0	0	0	0	0	0	0	1	1	0	1	0	0	0
729	0	1	1	0	0	0	0	0	1	1	0	1	1	1	0	0
730	0	1	1	0	0	0	0	0	1	1	0	0	1	1	0	0
731	0	1	1	1	0	0	0	0	1	0	0	1	0	0	0	0
732	0	1	1	0	0	0	0	0	0	1	0	0	0	1	0	0
733	0	0	1	1	1	0	1	0	1	1	1	0	0	1	1	1
734	1	0	1	1	1	0	0	1	1	0	0	1	0	0	0	0
735	1	1	0	1	1	0	0	1	1	0	0	1	0	0	0	0
736	1	0	1	1	1	0	0	0	1	0	0	1	1	0	1	0
737	0	1	1	0	0	0	0	0	1	0	0	1	0	1	0	0
738	0	1	1	0	0	0	0	0	1	1	0	1	0	1	0	0
739	0	1	1	0	0	0	0	0	1	1	0	1	1	1	0	0
740	0	1	0	0	0	0	0	0	1	0	1	0	0	1	0	0
741	0	0	0	0	0	0	1	0	0	1	0	0	0	1	0	1
742	0	0	0	0	0	0	0	0	0	1	0	0	0	1	0	1
743	0	1	0	1	0	0	1	1	1	1	0	0	0	1	0	0
744	0	1	0	1	1	1	0	0	0	1	1	0	0	1	0	1
745	0	1	0	1	1	1	0	0	1	1	1	1	0	1	1	1
746	0	0	0	1	1	1	1	0	0	1	1	0	0	1	0	1
747	0	0	0	1	0	0	0	0	0	1	1	0	0	1	0	1
748	0	0	0	1	0	0	0	0	0	0	0	0	0	1	0	0
749	0	1	1	1	0	1	0	0	1	0	0	0	0	1	0	0
750	0	1	1	1	0	0	0	1	0	1	0	0	0	1	0	0
751	1	1	0	1	0	0	0	0	1	0	0	0	0	1	0	0
752	0	0	0	1	1	0	0	0	0	0	1	0	0	0	0	0
753	0	0	0	0	0	1	0	0	0	1	0	0	0	1	1	1
754	0	1	0	0	0	0	1	1	0	0	0	0	0	1	0	0
755	0	1	1	0	0	1	0	1	1	1	0	0	1	1	0	0
756	1	1	0	0	0	0	0	1	1	0	0	1	0	1	0	0
757	0	0	0	0	1	0	0	0	1	1	1	0	0	1	1	1
758	0	1	1	1	0	1	0	0	1	0	0	1	0	1	0	0
759	0	1	0	1	1	0	1	0	0	0	0	0	1	1	0	0
760	0	1	1	1	0	0	0	0	1	0	1	1	1	1	0	0
761	0	1	1	1	1	1	0	1	0	0	1	0	0	1	0	1
762	0	1	1	1	0	0	0	0	0	0	0	1	0	1	0	0
763	0	0	0	0	1	0	0	1	1	0	1	0	0	1	0	1
764	0	1	0	0	0	1	0	1	0	0	1	1	0	1	0	0
765	1	1	0	1	0	0	0	1	1	0	1	1	0	1	0	0
766	0	1	0	1	1	1	0	1	1	1	1	0	0	1	0	1
767	0	1	0	1	1	0	1	1	1	1	1	0	0	1	0	1
768	0	0	0	1	0	1	0	1	0	0	1	1	0	0	0	0
769	0	1	0	1	1	1	1	1	1	1	1	1	0	1	0	1
770	0	0	0	1	0	0	0	1	1	0	0	1	0	1	0	1
771	0	0	0	1	0	1	0	1	1	0	0	1	0	1	0	0
772	0	0	0	1	1	0	0	0	1	1	1	0	0	1	1	1
773	0	0	0	0	1	1	1	1	1	1	1	1	0	1	0	0
774	0	0	0	1	0	0	0	0	1	0	0	1	0	1	0	0
775	0	1	0	0	0	0	0	0	0	0	0	0	0	0	0	0
776	0	0	0	0	0	0	1	0	0	0	1	0	0	0	0	0
777	0	0	0	1	0	0	0	0	1	0	1	1	0	1	0	0
778	0	0	0	1	0	0	0	1	0	1	1	1	1	1	0	0
779	0	0	0	0	1	1	0	0	0	1	1	0	0	1	0	1
780	0	0	0	1	1	0	1	1	1	1	1	1	0	1	0	1
781	0	0	0	1	0	0	0	1	1	0	1	1	0	0	0	1
782	1	0	1	1	0	0	0	1	1	0	1	1	0	1	0	0
783	1	1	1	1	0	0	0	1	0	1	1	1	0	0	0	0
784	1	0	0	1	0	0	0	1	1	0	1	1	0	0	0	1
785	1	1	1	1	1	0	0	1	1	1	1	0	0	1	0	0
786	1	0	1	1	0	0	0	0	1	0	1	1	0	1	0	1
787	0	0	0	1	0	0	0	0	0	0	1	0	0	1	0	0
788	1	0	1	1	0	1	0	0	1	1	1	0	0	1	1	0
789	0	0	0	1	0	1	0	0	0	1	1	1	0	1	0	1
790	0	1	1	0	0	1	0	1	1	0	1	0	0	1	0	1
791	0	0	0	0	0	0	0	0	0	1	1	0	0	1	0	0
792	1	1	0	1	0	1	0	0	1	1	0	1	0	1	0	0
793	0	0	0	0	0	0	0	0	0	1	1	0	0	1	1	0
794	0	0	0	0	1	1	0	0	1	1	1	0	0	1	1	1
795	0	0	0	0	0	0	0	0	0	1	1	0	0	1	0	0
796	0	0	1	0	1	1	0	0	1	1	1	0	0	1	0	1
797	1	1	1	1	1	1	0	1	0	1	1	0	0	1	0	0
798	1	1	1	1	0	1	0	0	1	1	1	1	0	1	0	0
799	0	0	0	0	0	0	0	0	0	0	1	0	0	1	0	0
800	0	0	0	0	0	0	0	0	0	1	1	0	0	0	0	0
801	0	0	0	0	0	0	0	0	0	0	0	0	0	1	1	0
802	0	1	1	1	0	0	0	0	1	1	0	1	0	1	0	0
803	0	0	0	1	0	0	0	0	0	0	1	0	0	1	1	1
804	0	0	0	0	1	0	0	0	0	1	1	0	0	1	1	1
805	0	0	0	1	0	0	0	0	0	1	1	0	0	1	0	0
806	0	0	0	0	0	0	0	0	0	0	1	0	0	1	0	0
807	0	0	0	0	1	0	0	0	0	1	1	0	0	1	0	1
808	1	0	0	0	0	0	0	0	0	0	1	0	0	1	0	1
809	1	1	1	0	1	0	0	0	0	1	0	0	0	1	0	0
810	0	1	0	1	0	0	0	0	0	1	1	1	0	1	0	0
811	0	1	0	1	1	0	0	0	0	1	0	0	0	1	1	1
812	0	1	0	1	1	1	0	0	0	1	1	1	0	1	0	1
813	1	0	1	1	0	0	0	0	0	1	1	1	0	1	1	1
814	0	0	0	1	0	0	0	0	0	1	1	0	0	1	0	1
815	1	0	0	1	0	1	0	1	0	1	1	0	0	1	0	1
816	0	1	0	1	1	1	0	0	1	0	0	0	0	1	0	1
817	0	0	0	1	0	0	0	0	0	1	1	0	0	1	0	0
818	0	0	0	0	1	0	0	0	0	0	1	0	0	1	1	1
819	1	0	0	1	0	1	0	1	0	1	1	1	0	1	0	1
820	1	0	0	0	0	1	0	1	0	1	1	1	0	1	0	1
821	0	0	0	1	1	0	0	0	1	1	1	0	0	1	0	1
822	1	1	1	1	1	1	1	1	0	0	1	1	1	1	0	0
823	0	0	0	1	0	0	0	0	0	1	1	1	0	1	0	1
824	0	0	0	0	0	0	0	0	0	0	0	0	0	1	0	0
825	1	1	1	1	0	1	0	1	1	0	0	1	0	1	0	0
826	1	1	0	1	0	1	0	1	0	1	1	1	0	1	0	1
827	1	1	1	1	0	1	1	1	1	0	0	1	0	1	0	0
828	0	0	0	0	0	0	0	0	0	0	1	0	0	1	0	0
829	0	1	0	1	0	1	0	0	0	0	1	0	0	1	0	0
830	0	0	0	0	0	0	0	0	0	1	1	0	0	1	0	1
831	0	0	0	0	0	1	0	0	0	0	1	0	0	0	0	0
832	0	0	0	0	0	0	1	0	0	0	1	1	0	1	0	0
833	0	0	0	0	0	0	0	1	1	0	1	0	0	0	0	0
834	1	1	1	0	0	1	1	1	1	0	1	1	0	1	0	1
835	1	1	1	0	1	1	1	1	1	0	1	1	1	1	0	1
836	1	1	1	1	1	1	0	1	0	1	1	1	0	1	0	0
837	1	1	1	1	0	1	0	0	1	0	1	1	0	1	0	0
838	0	1	0	1	1	1	0	0	0	1	1	0	0	1	0	1
839	0	0	1	1	0	0	0	1	1	0	1	1	0	0	0	0
840	0	0	1	1	0	0	0	1	1	0	1	1	0	1	0	0
841	1	1	0	1	0	0	0	0	1	0	1	1	0	1	0	0
842	0	1	0	1	0	0	0	1	1	0	1	0	0	1	0	1
843	0	0	0	1	0	0	0	0	0	0	1	0	0	1	0	1
844	1	1	0	1	1	1	1	1	1	0	1	0	0	1	0	1
845	1	1	0	1	0	1	0	1	1	0	1	0	0	1	0	1
846	1	1	1	1	1	0	0	1	1	0	1	0	0	1	0	0
847	0	1	1	1	0	0	0	0	0	0	1	0	0	1	0	0
848	0	0	1	1	0	0	0	1	1	0	1	1	1	1	0	0
849	1	1	0	1	0	0	0	1	1	0	0	0	0	1	0	0
850	0	1	0	1	0	0	1	1	1	0	0	1	0	1	0	0
851	1	0	1	1	0	0	0	1	1	0	1	1	0	1	0	1
852	1	0	1	1	1	0	0	1	1	0	1	1	0	1	0	1
853	1	1	1	1	1	0	0	1	1	0	1	0	0	1	0	1
854	0	1	1	1	0	1	0	1	0	0	1	1	0	1	0	1
855	1	1	0	1	0	1	0	1	0	0	1	0	0	1	0	1
856	0	0	1	1	0	0	0	1	1	0	1	1	0	1	0	1
857	0	0	0	0	0	0	0	0	0	0	1	0	0	1	1	0
858	0	1	0	1	0	0	0	0	0	0	0	1	0	1	0	0
859	0	0	0	1	0	0	0	0	1	0	1	0	0	1	0	0
860	0	1	1	1	0	0	0	1	0	0	1	1	0	1	0	0
861	0	0	0	0	0	0	0	1	0	0	1	0	0	1	0	1
862	0	0	0	0	0	0	1	1	0	0	1	1	0	0	0	0
863	0	0	1	0	0	0	1	0	0	0	1	1	0	1	0	0
864	0	0	0	1	0	0	0	0	1	0	1	0	0	1	1	1
865	0	0	0	1	1	1	0	1	0	0	1	0	0	1	0	1
866	1	0	0	1	0	0	0	1	0	0	1	0	0	0	0	1
867	0	0	1	0	0	0	0	0	0	0	1	1	0	0	0	1
868	0	0	1	0	0	0	1	0	0	0	1	1	0	0	0	0
869	0	0	1	1	0	0	0	1	1	0	1	1	0	0	0	0
870	1	1	1	1	0	1	0	1	1	0	1	1	0	0	0	0
871	0	0	0	1	0	0	0	0	0	0	1	0	0	1	0	0
872	0	0	0	1	1	0	0	0	0	0	1	0	0	1	0	1
873	0	0	0	0	0	0	0	1	0	0	0	0	0	0	0	0
874	0	1	0	1	1	0	0	1	0	0	0	0	0	1	0	1
875	1	0	1	0	0	0	0	1	1	0	1	1	0	1	0	0
876	0	1	0	1	0	0	0	0	1	0	1	0	0	1	0	0
877	1	0	0	1	0	1	0	0	0	0	1	0	0	1	0	1
878	0	0	0	0	1	0	0	0	0	0	0	0	0	1	0	0
879	0	0	0	0	0	0	0	0	0	0	0	0	0	1	0	0
880	1	0	0	1	0	1	0	1	0	0	1	1	0	1	1	1
881	0	0	0	0	1	0	0	0	1	0	0	0	0	1	0	0
882	1	1	0	1	1	1	0	0	0	1	1	1	0	1	0	1
883	0	0	0	1	0	0	0	0	0	0	1	0	0	1	0	1
884	0	0	0	0	1	0	0	0	0	0	1	0	0	1	0	0
885	0	0	0	1	0	0	0	0	0	0	1	0	0	1	0	1
886	0	0	0	1	0	0	0	1	0	0	1	1	0	1	0	0
887	1	0	1	1	1	0	0	1	0	1	1	0	0	1	0	0
888	0	1	0	1	1	0	0	0	0	1	1	1	0	1	0	0
889	0	0	0	1	0	1	0	1	0	0	0	0	0	1	0	0
890	0	0	0	1	0	0	0	0	0	0	1	0	0	1	0	0
891	1	0	1	1	0	0	0	1	1	1	1	0	0	1	1	1
892	0	0	0	1	0	0	0	0	0	0	1	0	0	1	0	0
893	1	0	0	1	1	1	0	1	0	1	1	1	0	1	0	0
894	0	0	0	1	0	1	0	0	0	0	1	0	0	1	1	1
895	0	0	0	0	0	0	0	0	0	0	0	1	0	1	0	1
896	0	0	0	1	1	1	0	0	0	0	1	1	0	1	0	1
897	0	1	0	1	0	0	0	0	0	0	1	1	0	1	0	0
898	0	1	0	1	0	0	0	0	0	0	1	1	0	1	0	0
899	0	0	0	1	0	0	0	0	0	1	0	0	0	1	0	1
900	1	1	0	0	0	0	0	0	0	0	1	1	0	1	0	0
901	0	1	0	1	0	0	0	0	0	0	0	0	0	1	0	0
902	0	1	0	1	0	1	0	0	0	0	1	0	0	1	0	0
903	1	0	0	1	0	0	0	0	0	1	1	0	0	1	0	1
904	1	0	0	1	0	0	0	0	0	0	1	0	0	1	0	0
905	0	0	0	1	0	0	0	0	0	0	1	0	0	1	0	1
906	0	0	0	1	0	0	0	0	0	0	0	0	0	1	0	0
907	0	0	0	1	0	0	0	0	0	0	1	0	0	1	0	1
908	1	1	0	1	0	0	0	0	1	1	0	0	0	1	0	0
909	1	1	0	1	0	0	0	0	1	0	1	0	0	1	0	0
910	0	0	0	1	0	0	0	0	0	0	1	0	0	1	0	1
911	0	0	0	1	0	0	0	0	0	0	1	0	0	1	0	0
912	0	0	0	1	0	0	0	0	0	0	0	0	0	1	0	1
913	0	0	0	1	0	0	0	0	0	0	1	0	0	1	0	1
914	0	0	0	1	0	0	0	0	0	0	1	0	0	1	0	0
